mode,propulsion_energy_wh_mean,propulsion_energy_wh_std,share_pct
PATROL,2.225007699979081,0.24185147111617986,69.74052449541097
EVENT_INVESTIGATION,0.21784587230843802,0.218841447039268,6.8281495808278
THERMAL_SEARCH,0.689316972096761,0.43143820347219936,21.605914971920612
THERMAL_EXPLOITATION,0.00036479334036509193,0.0009266373315752153,0.01143406330222303
GLIDE_RETURN,0.00022330085436503093,0.0005276761107404974,0.006999130251925442
LANDING,0.05764997402826945,0.17671483700884844,1.8069777582864686
THERMAL_EXPLOITATION_SAVING_VS_CRUISE,0.7915129560942773,,
