configuration,n_paired_seeds,delta_route_completion_pct_mean,delta_route_completion_pct_std,delta_final_soc_pct_mean,delta_final_soc_pct_std,delta_propulsion_energy_wh_mean,delta_propulsion_energy_wh_std,delta_hp_investigated_pct_mean,delta_hp_investigated_pct_std,delta_hp_unresolved_pct_mean,delta_hp_unresolved_pct_std,delta_thermalling_time_s_mean,delta_thermalling_time_s_std,delta_valid_termination_pct_mean,delta_valid_termination_pct_std
no_thermal,5,29.095238095238102,12.564276352000268,-7.188852945963542,5.400083174597686,1.8883624638983747,1.8250270344790627,3.6317460317460304,13.120151385787873,-1.3777777777777778,5.6968694023695425,-611.8974762439727,343.06533431454943,13.333333333333332,13.944333775567928
no_event_response,5,-0.059523809523813045,16.909896101626423,3.307225004831949,6.0852322967047385,0.22769855451479087,3.49401317524544,-26.158730158730158,5.267354548110478,1.3333333333333335,2.98142396999972,-1.9211819648742676,156.1592013005493,16.666666666666664,20.412414523193153
non_energy_aware_fsm,5,21.35714285714286,17.14628768584896,-4.275592831770579,3.7865774238608916,0.9326282248846838,1.193373576059801,2.355555555555555,7.016031026016397,1.3333333333333335,2.98142396999972,-141.61408667564393,152.74796582573143,16.666666666666664,20.412414523193153
simplified_battery,5,-51.44047619047619,11.398568628562334,-18.87141070365906,5.14334123183656,32.19738993851352,2.2343804153552527,-17.041269841269845,4.012289008650708,1.3333333333333335,2.98142396999972,-397.12011375427244,294.8549533801877,-60.000000000000014,27.888667551135853
coverage_only,5,29.095238095238102,13.210357095116658,-5.494744618733724,6.069378960220145,1.4021617940597935,1.7709738861225168,-26.158730158730158,5.267354548110478,1.3333333333333335,2.98142396999972,-611.8974762439727,343.06533431454943,16.666666666666664,20.412414523193153
